event_id,measurement_id,particle_id,layer_id,surface_id,x,y,z,r,phi,sigma_phi,sigma_z,is_noise
0,0,0,1,1001,9.45552175118,3.25470558007,-5.06469506895,10,0.331509339689,0.001,0.1,False
0,6,1,1,1001,8.83754749999,-4.67950362597,5.10046444705,10,-0.486970112338,0.001,0.1,False
0,12,2,1,1001,-9.96185044117,-0.87266017886,5.13203972099,10,-3.05421549408,0.001,0.1,False
0,18,3,1,1001,-6.89906586824,-7.23898405481,-4.2766707168,10,-2.33215632977,0.001,0.1,False
0,24,4,1,1001,-9.94377770001,-1.05890748075,-5.37593670936,10,-3.03550301077,0.001,0.1,False
0,30,,1,1001,-4.73778245623,8.80644181253,22.5283343636,10,2.06437249826,0.001,0.1,True
0,1,0,2,1002,18.9567451018,6.37509334404,-10.0612100072,20,0.324415328776,0.001,0.1,False
0,7,1,2,1002,17.5917500861,-9.51474271376,10.2263218099,20,-0.495801888992,0.001,0.1,False
0,13,2,2,1002,-19.9119220326,-1.87492958955,10.2323896148,20,-3.04770831458,0.001,0.1,False
0,19,3,2,1002,-13.9109564184,-14.3695960808,-8.49789905807,20,-2.33997841873,0.001,0.1,False
0,25,4,2,1002,-19.8974391867,-2.02284794557,-10.6063717456,20,-3.04027701346,0.001,0.1,False
0,31,,2,1002,-19.2158208023,-5.54546940262,49.9286209782,20,-2.8606375081,0.001,0.1,True
0,2,0,3,1003,28.5186312878,9.31062132557,-15.2744253252,30,0.315565444428,0.001,0.1,False
0,8,1,3,1003,26.3327059024,-14.373190316,15.2774538544,30,-0.499636315655,0.001,0.1,False
0,14,2,3,1003,-29.8464814453,-3.03109639152,15.4933908113,30,-3.04038340938,0.001,0.1,False
0,20,3,3,1003,-21.0105671923,-21.413922253,-12.9341771496,30,-2.34668717701,0.001,0.1,False
0,26,4,3,1003,-29.863802567,-2.85539773725,-16.0674543856,30,-3.0462684307,0.001,0.1,False
0,32,,3,1003,-8.36145799092,28.8112134466,92.110745675,30,1.85325243248,0.001,0.1,True
0,3,0,4,1004,38.1377498564,12.0628369753,-20.2401800008,40,0.306339857614,0.001,0.1,False
0,9,1,4,1004,34.9358665407,-19.4803806188,20.4696155441,40,-0.508662500765,0.001,0.1,False
0,15,2,4,1004,-39.7696475111,-4.28662301109,20.7099010492,40,-3.03422088779,0.001,0.1,False
0,21,3,4,1004,-28.2379922288,-28.3304746675,-17.1874714591,40,-2.35455961547,0.001,0.1,False
0,27,4,4,1004,-39.8502384679,-3.45810555801,-21.3487971155,40,-3.0550319588,0.001,0.1,False
0,33,,4,1004,-38.5163864995,-10.7929593265,35.8848296819,40,-2.86838242364,0.001,0.1,True
0,4,0,5,1005,47.7378484506,14.8693586045,-25.0798738066,50,0.301954841347,0.001,0.1,False
0,10,1,5,1005,43.4915250592,-24.6675342915,25.5269008426,50,-0.515937676968,0.001,0.1,False
0,16,2,5,1005,-49.6755234154,-5.68703555485,26.0390870439,50,-3.02760526072,0.001,0.1,False
0,22,3,5,1005,-35.5160708752,-35.1938731825,-21.3283965752,50,-2.36075106943,0.001,0.1,False
0,28,4,5,1005,-49.8308375394,-4.1094561831,-26.647327881,50,-3.05931071555,0.001,0.1,False
0,34,,5,1005,-18.9135864119,-46.284730193,-69.5404414501,50,-1.95872490952,0.001,0.1,True
0,5,0,6,1006,57.4362357832,17.3516229518,-30.2374922503,60,0.29338445646,0.001,0.1,False
0,11,1,6,1006,51.958145132,-30.0058520033,30.7264973834,60,-0.523711401117,0.001,0.1,False
0,17,2,6,1006,-59.5558149721,-7.287311096,31.110020835,60,-3.019836864,0.001,0.1,False
0,23,3,6,1006,-42.8947650501,-41.9528203021,-25.7594838785,60,-2.36729564351,0.001,0.1,False
0,29,4,6,1006,-59.83323336,-4.47036751124,-32.2507586009,60,-3.06701742303,0.001,0.1,False
0,35,,6,1006,36.7671391223,47.4149499711,-7.59123559004,60,0.911215503169,0.001,0.1,True
1,0,0,1,1001,-1.29896325623,9.91527581356,0.219138106927,10,1.70106074553,0.001,0.1,False
1,6,1,1,1001,1.39580936006,9.90210665618,7.35893633425,10,1.43075813163,0.001,0.1,False
1,12,2,1,1001,9.94901349292,-1.00852888786,-3.83581705599,10,-0.101024643675,0.001,0.1,False
1,18,3,1,1001,8.72516403626,4.88584819048,-5.76613322193,10,0.510467061578,0.001,0.1,False
1,24,4,1,1001,7.8671184215,-6.17320400944,-7.57256216785,10,-0.665332058287,0.001,0.1,False
1,30,,1,1001,1.51636259557,-9.8843636355,53.4923905681,10,-1.41857286138,0.001,0.1,True
1,1,0,2,1002,-2.42458447489,19.8524907788,0.135502200879,20,1.69232447308,0.001,0.1,False
1,7,1,2,1002,2.95047196357,19.7811707235,14.4084808028,20,1.42273232137,0.001,0.1,False
1,13,2,2,1002,19.9230158422,-1.75312285654,-7.41427996168,20,-0.0877687851849,0.001,0.1,False
1,19,3,2,1002,17.3706888021,9.91257638266,-11.2049573804,20,0.518558682425,0.001,0.1,False
1,25,4,2,1002,15.6601637766,-12.4402279115,-14.6973940819,20,-0.67130889565,0.001,0.1,False
1,31,,2,1002,19.8606301648,-2.35698312628,-94.3392368275,20,-0.118123665257,0.001,0.1,True
1,2,0,3,1003,-3.36006053444,29.8112393772,0.2358850254,30,1.68303384376,0.001,0.1,False
1,8,1,3,1003,4.64581818786,29.6380899075,21.7664044491,30,1.41530997088,0.001,0.1,False
1,14,2,3,1003,29.9200536119,-2.18869638428,-11.1335960721,30,-0.0730214221065,0.001,0.1,False
1,20,3,3,1003,25.9621565982,15.0321796413,-17.0125353514,30,0.524837814065,0.001,0.1,False
1,26,4,3,1003,23.3926528577,-18.7825395588,-22.2097003713,30,-0.67652177364,0.001,0.1,False
1,32,,3,1003,23.5772656376,18.5502707542,-69.3341539893,30,0.666631745349,0.001,0.1,True
1,3,0,4,1004,-4.17214138808,39.7818204239,0.242076966932,40,1.67528991707,0.001,0.1,False
1,9,1,4,1004,6.53197818315,39.4630619822,29.2180056931,40,1.4067622455,0.001,0.1,False
1,15,2,4,1004,39.9334114314,-2.3070872227,-14.9656696321,40,-0.0577092072355,0.001,0.1,False
1,21,3,4,1004,34.4823905523,20.2722653347,-22.4801695473,40,0.531476394474,0.001,0.1,False
1,27,4,4,1004,30.9564977575,-25.3317043759,-29.5512422886,40,-0.685800342628,0.001,0.1,False
1,33,,4,1004,-34.944961558,-19.4640607713,-13.8325434374,40,-2.63339722935,0.001,0.1,True
1,4,0,5,1005,-4.83710918535,49.7654737215,0.319201918728,50,1.66769005209,0.001,0.1,False
1,10,1,5,1005,8.5444634273,49.2645120217,36.5468424874,50,1.39906418341,0.001,0.1,False
1,16,2,5,1005,49.9516255789,-2.19888654111,-18.804007632,50,-0.0439919189615,0.001,0.1,False
1,22,3,5,1005,42.9650201818,25.5735613628,-28.3606613352,50,0.53689604175,0.001,0.1,False
1,28,4,5,1005,38.5146528915,-31.8845027035,-37.2137496958,50,-0.691495741046,0.001,0.1,False
1,34,,5,1005,45.9956657372,19.6060891918,-44.1633753787,50,0.402936966117,0.001,0.1,True
1,5,0,6,1006,-5.26145336108,59.7688640391,0.299030479528,60,1.65859999282,0.001,0.1,False
1,11,1,6,1006,10.5458324671,59.0659412655,43.6360633228,60,1.39411465806,0.001,0.1,False
1,17,2,6,1006,59.971357649,-1.85371565506,-22.5449225301,60,-0.0309001780394,0.001,0.1,False
1,23,3,6,1006,51.3662132554,31.0082591547,-34.1565138894,60,0.543113906389,0.001,0.1,False
1,29,4,6,1006,45.9204927675,-38.6174616461,-44.1848724009,60,-0.699224503011,0.001,0.1,False
1,35,,6,1006,-46.4129579646,38.0241677486,1.17424384412,60,2.45521908873,0.001,0.1,True
2,0,0,1,1001,-9.97139016485,0.755895614679,0.659137683834,10,3.0659309227,0.001,0.1,False
2,6,1,1,1001,3.94770058072,9.18779952573,2.68489169961,10,1.16497875797,0.001,0.1,False
2,12,2,1,1001,2.43112038904,9.6999821471,-0.672499666435,10,1.32522346568,0.001,0.1,False
2,18,3,1,1001,-5.84383230724,8.11477812172,6.33492464808,10,2.1949161195,0.001,0.1,False
2,24,4,1,1001,9.35057345045,-3.54496490077,-6.63731325358,10,-0.362375532009,0.001,0.1,False
2,30,,1,1001,-2.1305434202,-9.7704035093,-84.8730250562,10,-1.78549634341,0.001,0.1,True
2,1,0,2,1002,-19.9309611006,1.66035827632,1.33577602016,20,3.05847908326,0.001,0.1,False
2,7,1,2,1002,8.02537140064,18.3192088771,5.56027023075,20,1.15789493859,0.001,0.1,False
2,13,2,2,1002,4.75100878018,19.4275041004,-1.35852404786,20,1.33095300192,0.001,0.1,False
2,19,3,2,1002,-11.4966770216,16.3654030644,12.6108478601,20,2.18319741138,0.001,0.1,False
2,25,4,2,1002,18.6296445983,-7.27573653598,-13.4074456942,20,-0.372330059766,0.001,0.1,False
2,31,,2,1002,-14.2728511035,14.0102006187,18.3143085976,20,2.3654807206,0.001,0.1,True
2,2,0,3,1003,-29.8730842947,2.75659839729,1.95039479131,30,3.04957624452,0.001,0.1,False
2,8,1,3,1003,12.211265465,27.4022808493,8.37478935158,30,1.15158282723,0.001,0.1,False
2,14,2,3,1003,6.92688194576,29.1893526223,-2.02444228766,30,1.33779779402,0.001,0.1,False
2,20,3,3,1003,-16.8366564322,24.8299617435,18.6456900563,30,2.16665768752,0.001,0.1,False
2,26,4,3,1003,27.8267166355,-11.2104344825,-20.2150122637,30,-0.38297451294,0.001,0.1,False
2,32,,3,1003,-1.8918944052,-29.9402861636,48.5645021255,30,-1.63390134856,0.001,0.1,True
2,3,0,4,1004,-39.8062372522,3.93236262598,2.66837096704,40,3.0431245411,0.001,0.1,False
2,9,1,4,1004,16.5412879848,36.4195797862,10.9972842176,40,1.14446621543,0.001,0.1,False
2,15,2,4,1004,9.02099474144,38.969496454,-2.94576206767,40,1.3433145761,0.001,0.1,False
2,21,3,4,1004,-22.0287853838,33.3876116923,24.8780784041,40,2.15402247731,0.001,0.1,False
2,27,4,4,1004,36.9499180456,-15.3200377422,-26.8103362566,40,-0.393042777805,0.001,0.1,False
2,33,,4,1004,-10.5810711245,38.5751336207,-34.1515209849,40,1.83850951458,0.001,0.1,True
2,4,0,5,1005,-49.7200485935,5.28363207103,3.23064178057,50,3.03572234804,0.001,0.1,False
2,10,1,5,1005,21.0160930482,45.3687539281,13.8828750859,50,1.1369963193,0.001,0.1,False
2,16,2,5,1005,10.9504473376,48.7861425315,-3.65376660753,50,1.34999768412,0.001,0.1,False
2,22,3,5,1005,-27.0209109738,42.069827313,31.2691764418,50,2.14173041085,0.001,0.1,False
2,28,4,5,1005,45.9526405943,-19.7067202347,-33.8109183356,50,-0.405125826505,0.001,0.1,False
2,34,,5,1005,27.4909349891,41.7642010988,45.8575682337,50,0.988649156615,0.001,0.1,True
2,5,0,6,1006,-59.6182689183,6.75736717862,3.91731316684,60,3.02873041547,0.001,0.1,False
2,11,1,6,1006,25.5799607751,54.2739864645,16.7763965652,60,1.13036167187,0.001,0.1,False
2,17,2,6,1006,12.8155913478,58.6153616248,-4.13240143825,60,1.35554476741,0.001,0.1,False
2,23,3,6,1006,-31.7272237096,50.9252714836,37.3102030548,60,2.12796717483,0.001,0.1,False
2,29,4,6,1006,54.8344570941,-24.35533443,-40.5366933421,60,-0.417987722603,0.001,0.1,False
2,35,,6,1006,-5.82270953975,59.7167987556,-3.91533176154,60,1.6679944597,0.001,0.1,True
3,0,0,1,1001,9.98867473561,0.475790947985,3.99329109255,10,0.0475970644668,0.001,0.1,False
3,6,1,1,1001,-8.38306624013,5.45199050014,7.15033106187,10,2.56496611421,0.001,0.1,False
3,12,2,1,1001,-5.26370452182,8.50255342277,6.66113529825,10,2.12512244972,0.001,0.1,False
3,18,3,1,1001,5.49622676688,8.35413019572,-1.46399756016,10,0.988883816866,0.001,0.1,False
3,24,4,1,1001,-9.9338559424,1.14826221554,4.52742196242,10,3.02651259123,0.001,0.1,False
3,30,,1,1001,-6.87016251211,-7.266420512,86.9095048835,10,-2.32817115063,0.001,0.1,True
3,1,0,2,1002,19.9715684721,1.06604538514,7.72835291693,20,0.0533275413774,0.001,0.1,False
3,7,1,2,1002,-16.8594123871,10.7591920682,14.3550199953,20,2.57357790253,0.001,0.1,False
3,13,2,2,1002,-10.3207088799,17.1313446121,13.3418432966,20,2.11301236629,0.001,0.1,False
3,19,3,2,1002,11.0910056979,16.6430043144,-2.86225457391,20,0.982973883425,0.001,0.1,False
3,25,4,2,1002,-19.8924632357,2.07120892643,8.97643757393,20,3.03784619789,0.001,0.1,False
3,31,,2,1002,-18.6264962818,7.28379271152,96.253870279,20,2.76883011879,0.001,0.1,True
3,2,0,3,1003,29.945532331,1.80695694876,11.6075896403,30,0.0602683769087,0.001,0.1,False
3,8,1,3,1003,-25.417220868,15.9362757051,21.4668148679,30,2.58156551602,0.001,0.1,False
3,14,2,3,1003,-15.0860358561,25.9308989846,20.2343174586,30,2.09770980185,0.001,0.1,False
3,20,3,3,1003,16.8484779836,24.8219416976,-3.91724554291,30,0.974458788907,0.001,0.1,False
3,26,4,3,1003,-29.8609491923,2.88508463234,13.6826048294,30,3.0452743071,0.001,0.1,False
3,32,,3,1003,25.328427376,16.0770260515,97.6423054848,30,0.565574410699,0.001,0.1,True
3,3,0,4,1004,39.9146257417,2.61202065399,15.317827568,40,0.0653470142423,0.001,0.1,False
3,9,1,4,1004,-34.0171696403,21.0435778721,28.6607911244,40,2.58759699215,0.001,0.1,False
3,15,2,4,1004,-19.6266956082,34.8538781128,26.7204931695,40,2.08365184405,0.001,0.1,False
3,21,3,4,1004,22.6511674502,32.9685397484,-5.42326757158,40,0.968811890789,0.001,0.1,False
3,27,4,4,1004,-39.8554615373,3.39737923243,18.0740250099,40,3.05655572219,0.001,0.1,False
3,33,,4,1004,-7.57125484973,-39.2769156121,15.9879761967,40,-1.76122656298,0.001,0.1,True
3,4,0,5,1005,49.8686078488,3.62242339076,19.3030329915,50,0.0725119956637,0.001,0.1,False
3,10,1,5,1005,-42.7258880406,25.9711087777,35.8600088678,50,2.59541804143,0.001,0.1,False
3,16,2,5,1005,-23.996467306,43.8653571379,33.4756657143,50,2.07137050248,0.001,0.1,False
3,22,3,5,1005,28.5484441432,41.0485850792,-6.56239522196,50,0.96311078927,0.001,0.1,False
3,28,4,5,1005,-49.8626350245,3.70373168809,22.6194607991,50,3.06745011013,0.001,0.1,False
3,34,,5,1005,-31.0130206211,39.2197979591,-59.3826624437,50,2.23987097747,0.001,0.1,True
3,5,0,6,1006,59.809887582,4.77256193576,23.0114217883,60,0.0796268169673,0.001,0.1,False
3,11,1,6,1006,-51.5456100882,30.7091204796,43.1336157218,60,2.60429222563,0.001,0.1,False
3,17,2,6,1006,-27.9897309795,53.0714137714,40.1491445926,60,2.05612094483,0.001,0.1,False
3,23,3,6,1006,34.6821415255,48.9606889168,-8.10061390283,60,0.954476900543,0.001,0.1,False
3,29,4,6,1006,-59.8727996587,3.90485096053,27.0552533539,60,3.07646577462,0.001,0.1,False
3,35,,6,1006,59.6400476036,-6.56237166244,-52.9556654278,60,-0.109592104041,0.001,0.1,True
4,0,0,1,1001,9.38432957924,3.45461406645,6.00013157042,10,0.352730418421,0.001,0.1,False
4,6,1,1,1001,-6.8830507313,7.25421343981,-1.34022377681,10,2.32994630946,0.001,0.1,False
4,12,2,1,1001,7.59347097244,6.50685781239,-5.78384988527,10,0.708487207253,0.001,0.1,False
4,18,3,1,1001,9.41992259241,-3.35634598231,7.66957125252,10,-0.342278826014,0.001,0.1,False
4,24,4,1,1001,-7.5890118485,6.51205798219,-2.87111958135,10,2.43242042404,0.001,0.1,False
4,30,,1,1001,-5.28543887838,8.48905977496,-14.8521962818,10,2.12768069354,0.001,0.1,True
4,1,0,2,1002,18.8210627111,6.76517541722,11.7177133425,20,0.345065982328,0.001,0.1,False
4,7,1,2,1002,-13.6899377918,14.5803156089,-2.55765699027,20,2.32470967906,0.001,0.1,False
4,13,2,2,1002,15.29084805,12.8914687259,-11.6190490114,20,0.700465218565,0.001,0.1,False
4,19,3,2,1002,18.927764263,-6.46063000063,15.6698543136,20,-0.328930974494,0.001,0.1,False
4,25,4,2,1002,-15.2421275949,12.949036504,-5.99527468386,20,2.43735658016,0.001,0.1,False
4,31,,2,1002,-17.6811746421,9.34751642287,-43.0166995161,20,2.65527254357,0.001,0.1,True
4,2,0,3,1003,28.2926987943,9.97613126089,17.8577899519,30,0.338993147843,0.001,0.1,False
4,8,1,3,1003,-20.3891318626,22.0064377374,-3.85081866664,30,2.31806498667,0.001,0.1,False
4,14,2,3,1003,23.0453960906,19.2070226487,-17.361149942,30,0.694802958037,0.001,0.1,False
4,20,3,3,1003,28.5103488457,-9.33595247949,23.4170389191,30,-0.316453805125,0.001,0.1,False
4,26,4,3,1003,-23.0274814256,19.2284970602,-8.94113602354,30,2.44585750243,0.001,0.1,False
4,32,,3,1003,-29.4057141574,-5.94171481069,-94.9243637011,30,-2.94221723537,0.001,0.1,True
4,3,0,4,1004,37.8284304053,13.0003789587,23.3415994091,40,0.331021745899,0.001,0.1,False
4,9,1,4,1004,-26.9974411497,29.5150499131,-5.2733400862,40,2.3116743291,0.001,0.1,False
4,15,2,4,1004,30.8575007683,25.4522031724,-23.3331945269,40,0.689699091999,0.001,0.1,False
4,21,3,4,1004,38.1512068786,-12.0202085549,31.1738737432,40,-0.305222306194,0.001,0.1,False
4,27,4,4,1004,-30.81850839,25.4994027502,-12.1461096526,40,2.45036299665,0.001,0.1,False
4,33,,4,1004,-33.1922330028,22.3220892455,22.5796841253,40,2.54955596992,0.001,0.1,True
4,4,0,5,1005,47.3858058227,15.9557327168,29.5904687775,50,0.324795151508,0.001,0.1,False
4,10,1,5,1005,-33.5666179943,37.0578217981,-6.57172579992,50,2.30680133101,0.001,0.1,False
4,16,2,5,1005,38.7517657591,31.595896103,-29.0607989079,50,0.684025348001,0.001,0.1,False
4,22,3,5,1005,47.8935596951,-14.3599073721,38.7984843312,50,-0.291300466951,0.001,0.1,False
4,28,4,5,1005,-38.77825064,31.5633850735,-14.703602529,50,2.45840597503,0.001,0.1,False
4,34,,5,1005,4.41625753097,-49.8045848233,98.5454401511,50,-1.48235592882,0.001,0.1,True
4,5,0,6,1006,56.990774355,18.7630391574,35.525243927,60,0.318052489492,0.001,0.1,False
4,11,1,6,1006,-39.9185916881,44.7940402022,-7.88302887368,60,2.29870511633,0.001,0.1,False
4,17,2,6,1006,46.7766292611,37.575882624,-34.9185452696,60,0.676752711708,0.001,0.1,False
4,23,3,6,1006,57.6739562293,-16.5443275131,46.4849543562,60,-0.2793582058,0.001,0.1,False
4,29,4,6,1006,-46.7145808122,37.652993766,-17.8539100778,60,2.46319035099,0.001,0.1,False
4,35,,6,1006,-55.6994114328,22.3064019071,88.0377214122,60,2.76067407407,0.001,0.1,True
