study_name,scan_value,n_events,events_with_candidate,candidate_efficiency,tracking_efficiency_mean,reconstructed_tracks_mean,truth_mass,mass_mean,mass_width,residual_mean,residual_width,abs_residual_mean
baseline,0.0,10,10,1.0,1.0,2.0,3.0969,3.110790856612056,0.12258789849604099,0.013890856612056001,0.12258789849604099,0.11306932286731194
hit_resolution_scale,0.5,10,10,1.0,1.0,2.0,3.0969,3.1618525292660418,0.13929678737583615,0.06495252926604138,0.13929678737583615,0.11044489367042747
hit_resolution_scale,1.0,10,9,0.9,0.9,1.8,3.0969,3.0517384168090995,0.21865515437941704,-0.04516158319090069,0.21865515437941704,0.21175241089238014
hit_resolution_scale,2.0,10,9,0.9,0.9,1.8,3.0969,3.1044675678018785,0.203949274123857,0.007567567801878432,0.203949274123857,0.1712846377977395
hit_resolution_scale,5.0,10,10,1.0,1.0,2.0,3.0969,4.283409599692733,1.3921477914929377,1.186509599692732,1.3921477914929377,1.3673719118494254
material_budget,0.005,10,10,1.0,1.0,2.0,3.0969,3.0948208633993555,0.199679017339088,-0.0020791366006446045,0.199679017339088,0.13868429208198169
material_budget,0.02,10,9,0.9,0.9,1.8,3.0969,3.2066080236230223,0.34917977590144167,0.10970802362302212,0.34917977590144167,0.3055794777574805
bfield_reco_scale,0.98,10,8,0.8,0.8,1.6,3.0969,3.162461380457106,0.2435704585374377,0.06556138045710552,0.2435704585374377,0.18865675441192403
bfield_reco_scale,1.02,10,9,0.9,0.9,1.8,3.0969,3.13758001325171,0.2928565796130763,0.04068001325170995,0.2928565796130763,0.23105597301938963
